{"cameraMode":{"drawMode":0,"name":"Shaded","section":"Shading Mode"},"sceneLighting":false,"audioPlay":false,"sceneViewState":{"showFog":true,"showMaterialUpdate":false,"showSkybox":false,"showFlares":true,"showImageEffects":true,"showParticleSystems":true},"in2DMode":false,"pivot":{"x":14.987106323242188,"y":38.957855224609378,"z":78.9096908569336},"rotation":{"x":-0.20250238478183747,"y":-0.6407025456428528,"z":0.18064284324645997,"w":-0.7182412147521973},"size":440.5557556152344,"orthographic":false}