{"cameraMode":{"drawMode":1,"name":"Wireframe","section":"Shading Mode"},"sceneLighting":true,"audioPlay":false,"sceneViewState":{"showFog":true,"showMaterialUpdate":false,"showSkybox":true,"showFlares":true,"showImageEffects":true,"showParticleSystems":true},"in2DMode":false,"pivot":{"x":9.141077041625977,"y":81.92617797851563,"z":6.166277885437012},"rotation":{"x":-0.04877724125981331,"y":0.9235589504241943,"z":-0.3590756356716156,"w":-0.12545675039291383},"size":2.0482590198516847,"orthographic":false}